{"cameraMode":{"drawMode":0,"name":"Shaded","section":"Shading Mode"},"sceneLighting":true,"audioPlay":false,"sceneViewState":{"m_AlwaysRefresh":false,"showFog":true,"showSkybox":true,"showFlares":true,"showImageEffects":true,"showParticleSystems":true,"showVisualEffectGraphs":true,"m_FxEnabled":true},"in2DMode":false,"pivot":{"x":-0.4874143600463867,"y":0.49065399169921877,"z":0.38481903076171877},"rotation":{"x":-0.04788150638341904,"y":-0.9517039656639099,"z":0.22836241126060487,"w":-0.199571892619133},"size":38.70118713378906,"orthographic":true}